-- phpMyAdmin SQL Dump
-- version 4.5.1
-- http://www.phpmyadmin.net
--
-- Хост: 127.0.0.1
-- Время создания: Ноя 23 2016 г., 20:52
-- Версия сервера: 10.1.9-MariaDB
-- Версия PHP: 7.0.1

SET SQL_MODE = "NO_AUTO_VALUE_ON_ZERO";
SET time_zone = "+00:00";


/*!40101 SET @OLD_CHARACTER_SET_CLIENT=@@CHARACTER_SET_CLIENT */;
/*!40101 SET @OLD_CHARACTER_SET_RESULTS=@@CHARACTER_SET_RESULTS */;
/*!40101 SET @OLD_COLLATION_CONNECTION=@@COLLATION_CONNECTION */;
/*!40101 SET NAMES utf8mb4 */;

--
-- База данных: `cinema`
--

-- --------------------------------------------------------

--
-- Структура таблицы `actor`
--

CREATE TABLE `actor` (
  `ID` int(10) UNSIGNED NOT NULL,
  `first_name` varchar(255) NOT NULL,
  `last_name` varchar(255) NOT NULL
) ENGINE=InnoDB DEFAULT CHARSET=utf8;

--
-- Дамп данных таблицы `actor`
--

INSERT INTO `actor` (`ID`, `first_name`, `last_name`) VALUES
(1, 'Эзра', 'Миллер'),
(2, 'Эдди', 'Редмэйн'),
(3, 'Колин', 'Фаррелл'),
(4, 'Рон', 'Перлман'),
(5, 'Джон', 'Войт'),
(6, 'Саманта', 'Мортон'),
(7, 'Джемма', 'Чан'),
(8, 'Кэтрин', 'Уотерстон'),
(9, 'Кармен', 'Эджого'),
(10, 'Дэн', 'Фоглер'),
(11, 'Эми', 'Адамс'),
(12, 'Джереми', 'Реннер'),
(13, 'Форест', 'Уитакер'),
(14, 'Бенедикт', 'Камбербэтч'),
(15, 'Рэйчел', 'МакАдамс'),
(16, 'Тильда', 'Суинтон'),
(17, 'Чиветель', 'Эджиофор'),
(18, 'Бенедикт', 'Вонг');

-- --------------------------------------------------------

--
-- Структура таблицы `actor_list`
--

CREATE TABLE `actor_list` (
  `ID` int(10) UNSIGNED NOT NULL,
  `ID_actor` int(10) UNSIGNED DEFAULT NULL,
  `ID_movis` int(10) UNSIGNED DEFAULT NULL
) ENGINE=InnoDB DEFAULT CHARSET=utf8;

--
-- Дамп данных таблицы `actor_list`
--

INSERT INTO `actor_list` (`ID`, `ID_actor`, `ID_movis`) VALUES
(1, 1, 1),
(2, 2, 1),
(3, 3, 1),
(4, 4, 1),
(5, 5, 1),
(6, 6, 1),
(7, 7, 1),
(8, 8, 1),
(9, 9, 1),
(10, 10, 1),
(11, 11, 2),
(12, 12, 2),
(13, 13, 2),
(14, 14, 3),
(15, 15, 3),
(16, 16, 3),
(17, 17, 3),
(18, 18, 3);

-- --------------------------------------------------------

--
-- Структура таблицы `cinema`
--

CREATE TABLE `cinema` (
  `ID` int(10) UNSIGNED NOT NULL,
  `name` varchar(255) NOT NULL,
  `address` varchar(255) NOT NULL
) ENGINE=InnoDB DEFAULT CHARSET=utf8;

--
-- Дамп данных таблицы `cinema`
--

INSERT INTO `cinema` (`ID`, `name`, `address`) VALUES
(1, 'СИНЕМА ПАРК ТРК Гранд Каньон', 'пр. Энгельса, д.154, ТРК "Гранд Каньон"'),
(2, 'СИНЕМА ПАРК DELUXE в ТРК «Питер Радуга»', 'проспект Космонавтов, д. 14, ТЦ «Питер Радуга» ');

-- --------------------------------------------------------

--
-- Структура таблицы `directed`
--

CREATE TABLE `directed` (
  `ID` int(10) UNSIGNED NOT NULL,
  `first_name` varchar(255) NOT NULL,
  `last_name` varchar(255) NOT NULL
) ENGINE=InnoDB DEFAULT CHARSET=utf8;

--
-- Дамп данных таблицы `directed`
--

INSERT INTO `directed` (`ID`, `first_name`, `last_name`) VALUES
(1, 'Дэвид', 'Йэтс'),
(2, 'Дени', 'Вильнёв'),
(3, 'Скотт', 'Дерриксон'),
(4, 'Павел', 'Лунгин'),
(5, 'Грег', 'Моттола');

-- --------------------------------------------------------

--
-- Структура таблицы `genre`
--

CREATE TABLE `genre` (
  `ID` int(10) UNSIGNED NOT NULL,
  `name` varchar(255) NOT NULL
) ENGINE=InnoDB DEFAULT CHARSET=utf8;

--
-- Дамп данных таблицы `genre`
--

INSERT INTO `genre` (`ID`, `name`) VALUES
(1, 'Фэнтези'),
(2, 'Приключения'),
(3, 'Военный'),
(4, 'Драма'),
(5, 'Комедия');

-- --------------------------------------------------------

--
-- Структура таблицы `hall`
--

CREATE TABLE `hall` (
  `ID` int(10) UNSIGNED NOT NULL,
  `ID_cinema` int(10) UNSIGNED DEFAULT NULL,
  `name` varchar(255) NOT NULL
) ENGINE=InnoDB DEFAULT CHARSET=utf8;

--
-- Дамп данных таблицы `hall`
--

INSERT INTO `hall` (`ID`, `ID_cinema`, `name`) VALUES
(1, 1, '1 4DX'),
(2, 1, '2'),
(3, 1, '3 Real D'),
(4, 1, '4 Real D'),
(5, 1, '5 Relax'),
(6, 2, '1 4DX'),
(7, 2, '2 Real D'),
(8, 2, '3'),
(9, 2, '4 VIP'),
(10, 2, '5 Luxe');

-- --------------------------------------------------------

--
-- Структура таблицы `movies`
--

CREATE TABLE `movies` (
  `ID` int(10) UNSIGNED NOT NULL,
  `ID_genre` int(10) UNSIGNED DEFAULT NULL,
  `ID_directed` int(10) UNSIGNED DEFAULT NULL,
  `name` varchar(255) NOT NULL,
  `census` tinyint(3) UNSIGNED NOT NULL,
  `desc` text NOT NULL
) ENGINE=InnoDB DEFAULT CHARSET=utf8;

--
-- Дамп данных таблицы `movies`
--

INSERT INTO `movies` (`ID`, `ID_genre`, `ID_directed`, `name`, `census`, `desc`) VALUES
(1, 1, 1, 'Фантастические твари и где они обитают', 12, 'Фильм рассказывает о приключениях писателя Ньюта Скамандера в Нью-Йоркском секретном обществе волшебниц и волшебников, происходивших за 70 лет до того, как Гарри Поттер прочитает книгу этого писателя в школе.'),
(2, 2, 2, 'Прибытие', 16, 'Неожиданное появление неопознанных летающих объектов в разных точках планеты повергает мир в трепет. Намерения пришельцев не ясны - вооружённые силы всего мира приведены в полную боевую готовность, а лучшие умы человечества пытаются понять, как разговаривать с непрошенными гостями. Правительство обращается за помощью к лингвисту Луизе Бэнкс (Эми Адамс) и физику Яну Доннели (Джереми Реннер), чтобы предотвратить глобальную катастрофу и найти общий язык с пришельцами. Отныне судьба человечества находится в их руках.'),
(3, 2, 3, 'Доктор Стрэндж', 16, 'Страшная автокатастрофа поставила крест на карьере успешного нейрохирурга Доктора Стрэнджа. Отчаявшись, он отправляется в путешествие в поисках исцеления и открывает в себе невероятные способности к трансформации пространства и времени. Теперь он - связующее звено между параллельными измерениями, а его миссия - защищать жителей Земли и противодействовать Злу, какое бы обличие оно ни принимало. Мистические миры, невиданного размаха магические сражения, знаменитый юмор MARVEL – на экранах кинотеатров с 28 октября 2016 года!'),
(4, 4, 4, 'Дама Пик', 16, 'Герой фильма молодой певец Андрей, один из невостребованных теноров в большой труппе оперного театра, мечтает о славе и деньгах. Неожиданное известие переворачивает его жизнь — в оперный театр приезжает знаменитая европейская оперная дива, Софья Майер. Софья будет ставить «Пиковую Даму», где она сама исполнит партию Графини. Андрей понимает, что это шанс его жизни, поворотный момент его карьеры.'),
(5, 5, 5, 'Шпионы по соседству', 16, 'Размеренная и скучная жизнь одной из среднестатистических семейных пар была нарушена прибытием новых соседей – с виду успешных и харизматичных. Это и вызвало подозрения в их благонадёжности. Может, они бандиты? Или шпионы? Или и то, и другое? Или ни то, ни другое? Поиски истины приводят к самым неожиданным событиям, грозящим участью любопытной Варвары.');

-- --------------------------------------------------------

--
-- Структура таблицы `place`
--

CREATE TABLE `place` (
  `ID` int(10) UNSIGNED NOT NULL,
  `ID_hall` int(10) UNSIGNED DEFAULT NULL,
  `row` tinyint(3) UNSIGNED NOT NULL,
  `number` tinyint(3) UNSIGNED NOT NULL
) ENGINE=InnoDB DEFAULT CHARSET=utf8;

--
-- Дамп данных таблицы `place`
--

INSERT INTO `place` (`ID`, `ID_hall`, `row`, `number`) VALUES
(1, 1, 1, 8),
(2, 1, 1, 9),
(3, 1, 1, 10),
(4, 1, 1, 13),
(5, 1, 1, 14),
(6, 1, 1, 15),
(7, 1, 2, 6),
(8, 1, 2, 7),
(9, 1, 2, 8),
(10, 1, 2, 9),
(11, 1, 2, 10),
(12, 1, 2, 11),
(13, 1, 2, 12),
(14, 1, 2, 13),
(15, 1, 2, 14),
(16, 1, 2, 15),
(17, 1, 2, 16),
(18, 1, 2, 17),
(19, 1, 3, 4),
(20, 1, 3, 5),
(21, 1, 3, 6),
(22, 1, 3, 7),
(23, 1, 3, 8),
(24, 1, 3, 9),
(25, 1, 3, 10),
(26, 1, 3, 11),
(27, 1, 3, 12),
(28, 1, 3, 13),
(29, 1, 3, 14),
(30, 1, 3, 15),
(31, 1, 3, 16),
(32, 1, 3, 17),
(33, 1, 3, 18),
(34, 1, 3, 19),
(35, 1, 3, 20),
(36, 1, 3, 21),
(37, 1, 3, 22),
(38, 1, 4, 4),
(39, 1, 4, 5),
(40, 1, 4, 6),
(41, 1, 4, 7),
(42, 1, 4, 8),
(43, 1, 4, 9),
(44, 1, 4, 10),
(45, 1, 4, 11),
(46, 1, 4, 12),
(47, 1, 4, 13),
(48, 1, 4, 14),
(49, 1, 4, 15),
(50, 1, 4, 16),
(51, 1, 4, 17),
(52, 1, 4, 18),
(53, 1, 4, 19),
(54, 1, 4, 20),
(55, 1, 4, 21),
(56, 1, 4, 22),
(57, 1, 5, 4),
(58, 1, 5, 5),
(59, 1, 5, 6),
(60, 1, 5, 7),
(61, 1, 5, 8),
(62, 1, 5, 9),
(63, 1, 5, 10),
(64, 1, 5, 11),
(65, 1, 5, 12),
(66, 1, 5, 13),
(67, 1, 5, 14),
(68, 1, 5, 15),
(69, 1, 5, 16),
(70, 1, 5, 17),
(71, 1, 5, 18),
(72, 1, 5, 19),
(73, 1, 5, 20),
(74, 1, 5, 21),
(75, 1, 5, 22),
(76, 1, 6, 4),
(77, 1, 6, 5),
(78, 1, 6, 6),
(79, 1, 6, 7),
(80, 1, 6, 8),
(81, 1, 6, 9),
(82, 1, 6, 10),
(83, 1, 6, 11),
(84, 1, 6, 12),
(85, 1, 6, 13),
(86, 1, 6, 14),
(87, 1, 6, 15),
(88, 1, 6, 16),
(89, 1, 6, 17),
(90, 1, 6, 18),
(91, 1, 6, 19),
(92, 1, 6, 20),
(93, 1, 6, 21),
(94, 1, 6, 22),
(95, 1, 7, 4),
(96, 1, 7, 5),
(97, 1, 7, 6),
(98, 1, 7, 7),
(99, 1, 7, 8),
(100, 1, 7, 9),
(101, 1, 7, 10),
(102, 1, 7, 11),
(103, 1, 7, 12),
(104, 1, 7, 13),
(105, 1, 7, 14),
(106, 1, 7, 15),
(107, 1, 7, 16),
(108, 1, 7, 17),
(109, 1, 7, 18),
(110, 1, 7, 19),
(111, 1, 7, 20),
(112, 1, 7, 21),
(113, 1, 7, 22),
(114, 1, 8, 4),
(115, 1, 8, 5),
(116, 1, 8, 6),
(117, 1, 8, 7),
(118, 1, 8, 8),
(119, 1, 8, 9),
(120, 1, 8, 10),
(121, 1, 8, 11),
(122, 1, 8, 12),
(123, 1, 8, 13),
(124, 1, 8, 14),
(125, 1, 8, 15),
(126, 1, 8, 16),
(127, 1, 8, 17),
(128, 1, 8, 18),
(129, 1, 8, 19),
(130, 1, 8, 20),
(131, 1, 8, 21),
(132, 1, 8, 22),
(133, 1, 9, 4),
(134, 1, 9, 5),
(135, 1, 9, 6),
(136, 1, 9, 7),
(137, 1, 9, 8),
(138, 1, 9, 9),
(139, 1, 9, 10),
(140, 1, 9, 11),
(141, 1, 9, 12),
(142, 1, 9, 13),
(143, 1, 9, 14),
(144, 1, 9, 15),
(145, 1, 9, 16),
(146, 1, 9, 17),
(147, 1, 9, 18),
(148, 1, 9, 19),
(149, 1, 9, 20),
(150, 1, 9, 21),
(151, 1, 9, 22),
(152, 1, 10, 1),
(153, 1, 10, 2),
(154, 1, 10, 3),
(155, 1, 10, 4),
(156, 1, 10, 5),
(157, 1, 10, 6),
(158, 1, 10, 7),
(159, 1, 10, 8),
(160, 1, 10, 9),
(161, 1, 10, 10),
(162, 1, 10, 11),
(163, 1, 10, 12),
(164, 1, 10, 13),
(165, 1, 10, 14),
(166, 1, 10, 15),
(167, 1, 10, 16),
(168, 1, 10, 17),
(169, 1, 10, 18),
(170, 1, 10, 19),
(171, 1, 10, 20),
(172, 1, 10, 21),
(173, 1, 10, 22),
(174, 1, 11, 1),
(175, 1, 11, 2),
(176, 1, 11, 3),
(177, 1, 11, 4),
(178, 1, 11, 5),
(179, 1, 11, 6),
(180, 1, 11, 7),
(181, 1, 11, 8),
(182, 1, 11, 9),
(183, 1, 11, 10),
(184, 1, 11, 11),
(185, 1, 11, 12),
(186, 1, 11, 13),
(187, 1, 11, 14),
(188, 1, 11, 15),
(189, 1, 11, 16),
(190, 1, 11, 17),
(191, 1, 11, 18),
(192, 1, 11, 19),
(193, 1, 11, 20),
(194, 1, 11, 21),
(195, 1, 11, 22),
(196, 1, 12, 1),
(197, 1, 12, 2),
(198, 1, 12, 3),
(199, 1, 12, 4),
(200, 1, 12, 5),
(201, 1, 12, 6),
(202, 1, 12, 7),
(203, 1, 12, 8),
(204, 1, 12, 9),
(205, 1, 12, 10),
(206, 1, 12, 11),
(207, 1, 12, 12),
(208, 1, 12, 13),
(209, 1, 12, 14),
(210, 1, 12, 15),
(211, 1, 12, 16),
(212, 1, 12, 17),
(213, 1, 12, 18),
(214, 1, 12, 19),
(215, 1, 12, 20),
(216, 1, 12, 21),
(217, 1, 12, 22),
(218, 1, 13, 1),
(219, 1, 13, 2),
(220, 1, 13, 3),
(221, 1, 13, 4),
(222, 1, 13, 5),
(223, 1, 13, 6),
(224, 1, 13, 7),
(225, 1, 13, 8),
(226, 1, 13, 9),
(227, 1, 13, 10),
(228, 1, 13, 11),
(229, 1, 13, 12),
(230, 1, 13, 13),
(231, 1, 13, 14),
(232, 1, 13, 15),
(233, 1, 13, 16),
(234, 1, 13, 17),
(235, 1, 13, 18),
(236, 1, 13, 19),
(237, 1, 13, 20),
(238, 1, 13, 21),
(239, 1, 13, 22),
(240, 2, 1, 8),
(241, 2, 1, 9),
(242, 2, 1, 10),
(243, 2, 1, 13),
(244, 2, 1, 14),
(245, 2, 1, 15),
(246, 2, 2, 6),
(247, 2, 2, 7),
(248, 2, 2, 8),
(249, 2, 2, 9),
(250, 2, 2, 10),
(251, 2, 2, 11),
(252, 2, 2, 12),
(253, 2, 2, 13),
(254, 2, 2, 14),
(255, 2, 2, 15),
(256, 2, 2, 16),
(257, 2, 2, 17),
(258, 2, 3, 1),
(259, 2, 3, 2),
(260, 2, 3, 3),
(261, 2, 3, 4),
(262, 2, 3, 5),
(263, 2, 3, 6),
(264, 2, 3, 7),
(265, 2, 3, 8),
(266, 2, 3, 9),
(267, 2, 3, 10),
(268, 2, 3, 11),
(269, 2, 3, 12),
(270, 2, 3, 13),
(271, 2, 3, 14),
(272, 2, 3, 15),
(273, 2, 3, 16),
(274, 2, 3, 17),
(275, 2, 3, 18),
(276, 2, 3, 19),
(277, 2, 4, 1),
(278, 2, 4, 2),
(279, 2, 4, 3),
(280, 2, 4, 4),
(281, 2, 4, 5),
(282, 2, 4, 6),
(283, 2, 4, 7),
(284, 2, 4, 8),
(285, 2, 4, 9),
(286, 2, 4, 10),
(287, 2, 4, 11),
(288, 2, 4, 12),
(289, 2, 4, 13),
(290, 2, 4, 14),
(291, 2, 4, 15),
(292, 2, 4, 16),
(293, 2, 4, 17),
(294, 2, 4, 18),
(295, 2, 4, 19),
(296, 2, 5, 1),
(297, 2, 5, 2),
(298, 2, 5, 3),
(299, 2, 5, 4),
(300, 2, 5, 5),
(301, 2, 5, 6),
(302, 2, 5, 7),
(303, 2, 5, 8),
(304, 2, 5, 9),
(305, 2, 5, 10),
(306, 2, 5, 11),
(307, 2, 5, 12),
(308, 2, 5, 13),
(309, 2, 5, 14),
(310, 2, 5, 15),
(311, 2, 5, 16),
(312, 2, 5, 17),
(313, 2, 5, 18),
(314, 2, 5, 19),
(315, 2, 6, 1),
(316, 2, 6, 2),
(317, 2, 6, 3),
(318, 2, 6, 4),
(319, 2, 6, 5),
(320, 2, 6, 6),
(321, 2, 6, 7),
(322, 2, 6, 8),
(323, 2, 6, 9),
(324, 2, 6, 10),
(325, 2, 6, 11),
(326, 2, 6, 12),
(327, 2, 6, 13),
(328, 2, 6, 14),
(329, 2, 6, 15),
(330, 2, 6, 16),
(331, 2, 6, 17),
(332, 2, 6, 18),
(333, 2, 6, 19),
(334, 2, 7, 1),
(335, 2, 7, 2),
(336, 2, 7, 3),
(337, 2, 7, 4),
(338, 2, 7, 5),
(339, 2, 7, 6),
(340, 2, 7, 7),
(341, 2, 7, 8),
(342, 2, 7, 9),
(343, 2, 7, 10),
(344, 2, 7, 11),
(345, 2, 7, 12),
(346, 2, 7, 13),
(347, 2, 7, 14),
(348, 2, 7, 15),
(349, 2, 7, 16),
(350, 2, 7, 17),
(351, 2, 7, 18),
(352, 2, 7, 19),
(353, 2, 8, 1),
(354, 2, 8, 2),
(355, 2, 8, 3),
(356, 2, 8, 4),
(357, 2, 8, 5),
(358, 2, 8, 6),
(359, 2, 8, 7),
(360, 2, 8, 8),
(361, 2, 8, 9),
(362, 2, 8, 10),
(363, 2, 8, 11),
(364, 2, 8, 12),
(365, 2, 8, 13),
(366, 2, 8, 14),
(367, 2, 8, 15),
(368, 2, 8, 16),
(369, 2, 8, 17),
(370, 2, 8, 18),
(371, 2, 8, 19),
(372, 2, 9, 1),
(373, 2, 9, 2),
(374, 2, 9, 3),
(375, 2, 9, 4),
(376, 2, 9, 5),
(377, 2, 9, 6),
(378, 2, 9, 7),
(379, 2, 9, 8),
(380, 2, 9, 9),
(381, 2, 9, 10),
(382, 2, 9, 11),
(383, 2, 9, 12),
(384, 2, 9, 13),
(385, 2, 9, 14),
(386, 2, 9, 15),
(387, 2, 9, 16),
(388, 2, 9, 17),
(389, 2, 9, 18),
(390, 2, 9, 19),
(391, 2, 10, 1),
(392, 2, 10, 2),
(393, 2, 10, 3),
(394, 2, 10, 4),
(395, 2, 10, 5),
(396, 2, 10, 6),
(397, 2, 10, 7),
(398, 2, 10, 8),
(399, 2, 10, 9),
(400, 2, 10, 10),
(401, 2, 10, 11),
(402, 2, 10, 12),
(403, 2, 10, 13),
(404, 2, 10, 14),
(405, 2, 10, 15),
(406, 2, 10, 16),
(407, 2, 10, 17),
(408, 2, 10, 18),
(409, 2, 10, 19),
(410, 2, 10, 20),
(411, 2, 10, 21),
(412, 2, 10, 22),
(413, 2, 11, 1),
(414, 2, 11, 2),
(415, 2, 11, 3),
(416, 2, 11, 4),
(417, 2, 11, 5),
(418, 2, 11, 6),
(419, 2, 11, 7),
(420, 2, 11, 8),
(421, 2, 11, 9),
(422, 2, 11, 10),
(423, 2, 11, 11),
(424, 2, 11, 12),
(425, 2, 11, 13),
(426, 2, 11, 14),
(427, 2, 11, 15),
(428, 2, 11, 16),
(429, 2, 11, 17),
(430, 2, 11, 18),
(431, 2, 11, 19),
(432, 2, 11, 20),
(433, 2, 11, 21),
(434, 2, 11, 22),
(435, 2, 12, 1),
(436, 2, 12, 2),
(437, 2, 12, 3),
(438, 2, 12, 4),
(439, 2, 12, 5),
(440, 2, 12, 6),
(441, 2, 12, 7),
(442, 2, 12, 8),
(443, 2, 12, 9),
(444, 2, 12, 10),
(445, 2, 12, 11),
(446, 2, 12, 12),
(447, 2, 12, 13),
(448, 2, 12, 14),
(449, 2, 12, 15),
(450, 2, 12, 16),
(451, 2, 12, 17),
(452, 2, 12, 18),
(453, 2, 12, 19),
(454, 2, 12, 20),
(455, 2, 12, 21),
(456, 2, 12, 22),
(457, 2, 13, 1),
(458, 2, 13, 2),
(459, 2, 13, 3),
(460, 2, 13, 4),
(461, 2, 13, 5),
(462, 2, 13, 6),
(463, 2, 13, 7),
(464, 2, 13, 8),
(465, 2, 13, 9),
(466, 2, 13, 10),
(467, 2, 13, 11),
(468, 2, 13, 12),
(469, 2, 13, 13),
(470, 2, 13, 14),
(471, 2, 13, 15),
(472, 2, 13, 16),
(473, 2, 13, 17),
(474, 2, 13, 18),
(475, 2, 13, 19),
(476, 2, 13, 20),
(477, 2, 13, 21),
(478, 2, 13, 22),
(479, 3, 1, 2),
(480, 3, 1, 3),
(481, 3, 1, 4),
(482, 3, 1, 5),
(483, 3, 2, 1),
(484, 3, 2, 2),
(485, 3, 2, 3),
(486, 3, 2, 4),
(487, 3, 2, 5),
(488, 3, 2, 6),
(489, 3, 2, 7),
(490, 3, 2, 8),
(491, 3, 2, 9),
(492, 3, 2, 10),
(493, 3, 2, 11),
(494, 3, 2, 12),
(495, 3, 3, 1),
(496, 3, 3, 2),
(497, 3, 3, 3),
(498, 3, 3, 4),
(499, 3, 3, 5),
(500, 3, 3, 6),
(501, 3, 3, 7),
(502, 3, 3, 8),
(503, 3, 3, 9),
(504, 3, 3, 10),
(505, 3, 3, 11),
(506, 3, 3, 12),
(507, 3, 4, 1),
(508, 3, 4, 2),
(509, 3, 4, 3),
(510, 3, 4, 4),
(511, 3, 4, 5),
(512, 3, 4, 6),
(513, 3, 4, 7),
(514, 3, 4, 8),
(515, 3, 4, 9),
(516, 3, 4, 10),
(517, 3, 4, 11),
(518, 3, 4, 12),
(519, 3, 5, 1),
(520, 3, 5, 2),
(521, 3, 5, 3),
(522, 3, 5, 4),
(523, 3, 5, 5),
(524, 3, 5, 6),
(525, 3, 5, 7),
(526, 3, 5, 8),
(527, 3, 5, 9),
(528, 3, 5, 10),
(529, 3, 5, 11),
(530, 3, 5, 12),
(531, 3, 6, 1),
(532, 3, 6, 2),
(533, 3, 6, 3),
(534, 3, 6, 4),
(535, 3, 6, 5),
(536, 3, 6, 6),
(537, 3, 6, 7),
(538, 3, 6, 8),
(539, 3, 6, 9),
(540, 3, 6, 10),
(541, 3, 6, 11),
(542, 3, 6, 12),
(543, 3, 7, 1),
(544, 3, 7, 2),
(545, 3, 7, 3),
(546, 3, 7, 4),
(547, 3, 7, 5),
(548, 3, 7, 6),
(549, 3, 7, 7),
(550, 3, 7, 8),
(551, 3, 7, 9),
(552, 3, 7, 10),
(553, 3, 7, 11),
(554, 3, 7, 12),
(555, 3, 8, 1),
(556, 3, 8, 2),
(557, 3, 8, 3),
(558, 3, 8, 4),
(559, 3, 8, 5),
(560, 3, 8, 6),
(561, 3, 8, 7),
(562, 3, 8, 8),
(563, 3, 8, 9),
(564, 3, 8, 10),
(565, 3, 8, 11),
(566, 3, 8, 12),
(567, 3, 9, 1),
(568, 3, 9, 2),
(569, 3, 9, 3),
(570, 3, 9, 4),
(571, 3, 9, 5),
(572, 3, 9, 6),
(573, 3, 9, 7),
(574, 3, 9, 8),
(575, 3, 9, 9),
(576, 3, 9, 10),
(577, 3, 9, 11),
(578, 3, 9, 12),
(579, 3, 10, 1),
(580, 3, 10, 2),
(581, 3, 10, 3),
(582, 3, 10, 4),
(583, 3, 10, 5),
(584, 3, 10, 6),
(585, 3, 10, 7),
(586, 3, 10, 8),
(587, 3, 10, 9),
(588, 3, 10, 10),
(589, 3, 10, 11),
(590, 3, 10, 12),
(591, 3, 10, 13),
(592, 3, 10, 14),
(593, 3, 10, 15),
(594, 3, 10, 16),
(595, 3, 11, 1),
(596, 3, 11, 2),
(597, 3, 11, 3),
(598, 3, 11, 4),
(599, 3, 11, 5),
(600, 3, 11, 6),
(601, 3, 11, 7),
(602, 3, 11, 8),
(603, 3, 11, 9),
(604, 3, 11, 10),
(605, 3, 11, 11),
(606, 3, 11, 12),
(607, 3, 11, 13),
(608, 3, 11, 14),
(609, 3, 11, 15),
(610, 3, 11, 16),
(611, 4, 1, 1),
(612, 4, 1, 2),
(613, 4, 1, 3),
(614, 4, 1, 4),
(615, 4, 1, 5),
(616, 4, 1, 6),
(617, 4, 1, 7),
(618, 4, 1, 8),
(619, 4, 1, 9),
(620, 4, 1, 10),
(621, 4, 1, 11),
(622, 4, 1, 12),
(623, 4, 1, 13),
(624, 4, 1, 14),
(625, 4, 1, 15),
(626, 4, 1, 16),
(627, 4, 1, 17),
(628, 4, 1, 18),
(629, 4, 2, 1),
(630, 4, 2, 2),
(631, 4, 2, 3),
(632, 4, 2, 4),
(633, 4, 2, 5),
(634, 4, 2, 6),
(635, 4, 2, 7),
(636, 4, 2, 8),
(637, 4, 2, 9),
(638, 4, 2, 10),
(639, 4, 2, 11),
(640, 4, 2, 12),
(641, 4, 2, 13),
(642, 4, 2, 14),
(643, 4, 2, 15),
(644, 4, 2, 16),
(645, 4, 2, 17),
(646, 4, 2, 18),
(647, 4, 2, 19),
(648, 4, 2, 20),
(649, 4, 3, 1),
(650, 4, 3, 2),
(651, 4, 3, 3),
(652, 4, 3, 4),
(653, 4, 3, 5),
(654, 4, 3, 6),
(655, 4, 3, 7),
(656, 4, 3, 8),
(657, 4, 3, 9),
(658, 4, 3, 10),
(659, 4, 3, 12),
(660, 4, 3, 13),
(661, 4, 3, 14),
(662, 4, 3, 15),
(663, 4, 3, 16),
(664, 4, 3, 17),
(665, 4, 3, 18),
(666, 4, 3, 19),
(667, 4, 3, 20),
(668, 4, 3, 21),
(669, 4, 4, 4),
(670, 4, 4, 5),
(671, 4, 4, 6),
(672, 4, 4, 7),
(673, 4, 4, 8),
(674, 4, 4, 9),
(675, 4, 4, 10),
(676, 4, 4, 11),
(677, 4, 4, 12),
(678, 4, 4, 13),
(679, 4, 4, 14),
(680, 4, 4, 15),
(681, 4, 4, 16),
(682, 4, 4, 17),
(683, 4, 4, 18),
(684, 4, 4, 19),
(685, 4, 4, 20),
(686, 4, 4, 21),
(687, 4, 4, 22),
(688, 4, 4, 23),
(689, 4, 5, 4),
(690, 4, 5, 5),
(691, 4, 5, 6),
(692, 4, 5, 7),
(693, 4, 5, 8),
(694, 4, 5, 9),
(695, 4, 5, 10),
(696, 4, 5, 11),
(697, 4, 5, 12),
(698, 4, 5, 13),
(699, 4, 5, 14),
(700, 4, 5, 15),
(701, 4, 5, 16),
(702, 4, 5, 17),
(703, 4, 5, 18),
(704, 4, 5, 19),
(705, 4, 5, 20),
(706, 4, 5, 21),
(707, 4, 5, 22),
(708, 4, 5, 23),
(709, 4, 6, 4),
(710, 4, 6, 5),
(711, 4, 6, 6),
(712, 4, 6, 7),
(713, 4, 6, 8),
(714, 4, 6, 9),
(715, 4, 6, 10),
(716, 4, 6, 11),
(717, 4, 6, 12),
(718, 4, 6, 13),
(719, 4, 6, 14),
(720, 4, 6, 15),
(721, 4, 6, 16),
(722, 4, 6, 17),
(723, 4, 6, 18),
(724, 4, 6, 19),
(725, 4, 6, 20),
(726, 4, 6, 21),
(727, 4, 6, 22),
(728, 4, 6, 23),
(729, 4, 7, 4),
(730, 4, 7, 5),
(731, 4, 7, 6),
(732, 4, 7, 7),
(733, 4, 7, 8),
(734, 4, 7, 9),
(735, 4, 7, 10),
(736, 4, 7, 11),
(737, 4, 7, 12),
(738, 4, 7, 13),
(739, 4, 7, 14),
(740, 4, 7, 15),
(741, 4, 7, 16),
(742, 4, 7, 17),
(743, 4, 7, 18),
(744, 4, 7, 19),
(745, 4, 7, 20),
(746, 4, 7, 21),
(747, 4, 7, 22),
(748, 4, 7, 23),
(749, 4, 8, 4),
(750, 4, 8, 5),
(751, 4, 8, 6),
(752, 4, 8, 7),
(753, 4, 8, 8),
(754, 4, 8, 9),
(755, 4, 8, 10),
(756, 4, 8, 11),
(757, 4, 8, 12),
(758, 4, 8, 13),
(759, 4, 8, 14),
(760, 4, 8, 15),
(761, 4, 8, 16),
(762, 4, 8, 17),
(763, 4, 8, 18),
(764, 4, 8, 19),
(765, 4, 8, 20),
(766, 4, 8, 21),
(767, 4, 8, 22),
(768, 4, 8, 23),
(769, 4, 9, 4),
(770, 4, 9, 5),
(771, 4, 9, 6),
(772, 4, 9, 7),
(773, 4, 9, 8),
(774, 4, 9, 9),
(775, 4, 9, 10),
(776, 4, 9, 11),
(777, 4, 9, 12),
(778, 4, 9, 13),
(779, 4, 9, 14),
(780, 4, 9, 15),
(781, 4, 9, 16),
(782, 4, 9, 17),
(783, 4, 9, 18),
(784, 4, 9, 19),
(785, 4, 9, 20),
(786, 4, 9, 21),
(787, 4, 9, 22),
(788, 4, 9, 23),
(789, 4, 10, 1),
(790, 4, 10, 2),
(791, 4, 10, 3),
(792, 4, 10, 4),
(793, 4, 10, 5),
(794, 4, 10, 6),
(795, 4, 10, 7),
(796, 4, 10, 8),
(797, 4, 10, 9),
(798, 4, 10, 10),
(799, 4, 10, 11),
(800, 4, 10, 12),
(801, 4, 10, 13),
(802, 4, 10, 14),
(803, 4, 10, 15),
(804, 4, 10, 16),
(805, 4, 10, 17),
(806, 4, 10, 18),
(807, 4, 10, 19),
(808, 4, 10, 20),
(809, 4, 10, 21),
(810, 4, 10, 22),
(811, 4, 10, 23),
(812, 4, 11, 1),
(813, 4, 11, 2),
(814, 4, 11, 3),
(815, 4, 11, 4),
(816, 4, 11, 5),
(817, 4, 11, 6),
(818, 4, 11, 7),
(819, 4, 11, 8),
(820, 4, 11, 9),
(821, 4, 11, 10),
(822, 4, 11, 11),
(823, 4, 11, 12),
(824, 4, 11, 13),
(825, 4, 11, 14),
(826, 4, 11, 15),
(827, 4, 11, 16),
(828, 4, 11, 17),
(829, 4, 11, 18),
(830, 4, 11, 19),
(831, 4, 11, 20),
(832, 4, 11, 21),
(833, 4, 11, 22),
(834, 4, 11, 23),
(835, 4, 12, 1),
(836, 4, 12, 2),
(837, 4, 12, 3),
(838, 4, 12, 4),
(839, 4, 12, 5),
(840, 4, 12, 6),
(841, 4, 12, 7),
(842, 4, 12, 8),
(843, 4, 12, 9),
(844, 4, 12, 10),
(845, 4, 12, 11),
(846, 4, 12, 12),
(847, 4, 12, 13),
(848, 4, 12, 14),
(849, 4, 12, 15),
(850, 4, 12, 16),
(851, 4, 12, 17),
(852, 4, 12, 18),
(853, 4, 12, 19),
(854, 4, 12, 20),
(855, 4, 12, 21),
(856, 4, 12, 22),
(857, 4, 12, 23),
(858, 4, 13, 1),
(859, 4, 13, 2),
(860, 4, 13, 3),
(861, 4, 13, 4),
(862, 4, 13, 5),
(863, 4, 13, 6),
(864, 4, 13, 7),
(865, 4, 13, 8),
(866, 4, 13, 9),
(867, 4, 13, 10),
(868, 4, 13, 11),
(869, 4, 13, 12),
(870, 4, 13, 13),
(871, 4, 13, 14),
(872, 4, 13, 15),
(873, 4, 13, 16),
(874, 4, 13, 17),
(875, 4, 13, 18),
(876, 4, 13, 19),
(877, 4, 13, 20),
(878, 4, 13, 21),
(879, 4, 13, 22),
(880, 4, 13, 23),
(881, 4, 14, 1),
(882, 4, 14, 2),
(883, 4, 14, 3),
(884, 4, 14, 4),
(885, 4, 14, 5),
(886, 4, 14, 6),
(887, 4, 14, 7),
(888, 4, 14, 8),
(889, 4, 14, 9),
(890, 4, 14, 10),
(891, 4, 14, 11),
(892, 4, 14, 12),
(893, 4, 14, 13),
(894, 4, 14, 14),
(895, 4, 14, 15),
(896, 4, 14, 16),
(897, 4, 14, 17),
(898, 4, 14, 18),
(899, 4, 14, 19),
(900, 4, 14, 20),
(901, 4, 14, 21),
(902, 4, 14, 22),
(903, 4, 14, 23),
(904, 5, 1, 8),
(905, 5, 1, 9),
(906, 5, 1, 10),
(907, 5, 1, 13),
(908, 5, 1, 14),
(909, 5, 1, 15),
(910, 5, 2, 6),
(911, 5, 2, 7),
(912, 5, 2, 8),
(913, 5, 2, 9),
(914, 5, 2, 10),
(915, 5, 2, 11),
(916, 5, 2, 12),
(917, 5, 2, 13),
(918, 5, 2, 14),
(919, 5, 2, 15),
(920, 5, 2, 16),
(921, 5, 2, 17),
(922, 5, 3, 4),
(923, 5, 3, 5),
(924, 5, 3, 6),
(925, 5, 3, 7),
(926, 5, 3, 8),
(927, 5, 3, 9),
(928, 5, 3, 10),
(929, 5, 3, 11),
(930, 5, 3, 12),
(931, 5, 3, 13),
(932, 5, 3, 14),
(933, 5, 3, 15),
(934, 5, 3, 16),
(935, 5, 3, 17),
(936, 5, 3, 18),
(937, 5, 3, 19),
(938, 5, 3, 20),
(939, 5, 3, 21),
(940, 5, 3, 22),
(941, 5, 4, 4),
(942, 5, 4, 5),
(943, 5, 4, 6),
(944, 5, 4, 7),
(945, 5, 4, 8),
(946, 5, 4, 9),
(947, 5, 4, 10),
(948, 5, 4, 11),
(949, 5, 4, 12),
(950, 5, 4, 13),
(951, 5, 4, 14),
(952, 5, 4, 15),
(953, 5, 4, 16),
(954, 5, 4, 17),
(955, 5, 4, 18),
(956, 5, 4, 19),
(957, 5, 4, 20),
(958, 5, 4, 21),
(959, 5, 4, 22),
(960, 5, 5, 4),
(961, 5, 5, 5),
(962, 5, 5, 6),
(963, 5, 5, 7),
(964, 5, 5, 8),
(965, 5, 5, 9),
(966, 5, 5, 10),
(967, 5, 5, 11),
(968, 5, 5, 12),
(969, 5, 5, 13),
(970, 5, 5, 14),
(971, 5, 5, 15),
(972, 5, 5, 16),
(973, 5, 5, 17),
(974, 5, 5, 18),
(975, 5, 5, 19),
(976, 5, 5, 20),
(977, 5, 5, 21),
(978, 5, 5, 22),
(979, 5, 6, 4),
(980, 5, 6, 5),
(981, 5, 6, 6),
(982, 5, 6, 7),
(983, 5, 6, 8),
(984, 5, 6, 9),
(985, 5, 6, 10),
(986, 5, 6, 11),
(987, 5, 6, 12),
(988, 5, 6, 13),
(989, 5, 6, 14),
(990, 5, 6, 15),
(991, 5, 6, 16),
(992, 5, 6, 17),
(993, 5, 6, 18),
(994, 5, 6, 19),
(995, 5, 6, 20),
(996, 5, 6, 21),
(997, 5, 6, 22),
(998, 5, 7, 4),
(999, 5, 7, 5),
(1000, 5, 7, 6),
(1001, 5, 7, 7),
(1002, 5, 7, 8),
(1003, 5, 7, 9),
(1004, 5, 7, 10),
(1005, 5, 7, 11),
(1006, 5, 7, 12),
(1007, 5, 7, 13),
(1008, 5, 7, 14),
(1009, 5, 7, 15),
(1010, 5, 7, 16),
(1011, 5, 7, 17),
(1012, 5, 7, 18),
(1013, 5, 7, 19),
(1014, 5, 7, 20),
(1015, 5, 7, 21),
(1016, 5, 7, 22),
(1017, 5, 8, 4),
(1018, 5, 8, 5),
(1019, 5, 8, 6),
(1020, 5, 8, 7),
(1021, 5, 8, 8),
(1022, 5, 8, 9),
(1023, 5, 8, 10),
(1024, 5, 8, 11),
(1025, 5, 8, 12),
(1026, 5, 8, 13),
(1027, 5, 8, 14),
(1028, 5, 8, 15),
(1029, 5, 8, 16),
(1030, 5, 8, 17),
(1031, 5, 8, 18),
(1032, 5, 8, 19),
(1033, 5, 8, 20),
(1034, 5, 8, 21),
(1035, 5, 8, 22),
(1036, 5, 9, 4),
(1037, 5, 9, 5),
(1038, 5, 9, 6),
(1039, 5, 9, 7),
(1040, 5, 9, 8),
(1041, 5, 9, 9),
(1042, 5, 9, 10),
(1043, 5, 9, 11),
(1044, 5, 9, 12),
(1045, 5, 9, 13),
(1046, 5, 9, 14),
(1047, 5, 9, 15),
(1048, 5, 9, 16),
(1049, 5, 9, 17),
(1050, 5, 9, 18),
(1051, 5, 9, 19),
(1052, 5, 9, 20),
(1053, 5, 9, 21),
(1054, 5, 9, 22),
(1055, 5, 10, 1),
(1056, 5, 10, 2),
(1057, 5, 10, 3),
(1058, 5, 10, 4),
(1059, 5, 10, 5),
(1060, 5, 10, 6),
(1061, 5, 10, 7),
(1062, 5, 10, 8),
(1063, 5, 10, 9),
(1064, 5, 10, 10),
(1065, 5, 10, 11),
(1066, 5, 10, 12),
(1067, 5, 10, 13),
(1068, 5, 10, 14),
(1069, 5, 10, 15),
(1070, 5, 10, 16),
(1071, 5, 10, 17),
(1072, 5, 10, 18),
(1073, 5, 10, 19),
(1074, 5, 10, 20),
(1075, 5, 10, 21),
(1076, 5, 10, 22),
(1077, 5, 11, 1),
(1078, 5, 11, 2),
(1079, 5, 11, 3),
(1080, 5, 11, 4),
(1081, 5, 11, 5),
(1082, 5, 11, 6),
(1083, 5, 11, 7),
(1084, 5, 11, 8),
(1085, 5, 11, 9),
(1086, 5, 11, 10),
(1087, 5, 11, 11),
(1088, 5, 11, 12),
(1089, 5, 11, 13),
(1090, 5, 11, 14),
(1091, 5, 11, 15),
(1092, 5, 11, 16),
(1093, 5, 11, 17),
(1094, 5, 11, 18),
(1095, 5, 11, 19),
(1096, 5, 11, 20),
(1097, 5, 11, 21),
(1098, 5, 11, 22),
(1099, 5, 12, 1),
(1100, 5, 12, 2),
(1101, 5, 12, 3),
(1102, 5, 12, 4),
(1103, 5, 12, 5),
(1104, 5, 12, 6),
(1105, 5, 12, 7),
(1106, 5, 12, 8),
(1107, 5, 12, 9),
(1108, 5, 12, 10),
(1109, 5, 12, 11),
(1110, 5, 12, 12),
(1111, 5, 12, 13),
(1112, 5, 12, 14),
(1113, 5, 12, 15),
(1114, 5, 12, 16),
(1115, 5, 12, 17),
(1116, 5, 12, 18),
(1117, 5, 12, 19),
(1118, 5, 12, 20),
(1119, 5, 12, 21),
(1120, 5, 12, 22),
(1121, 5, 13, 1),
(1122, 5, 13, 2),
(1123, 5, 13, 3),
(1124, 5, 13, 4),
(1125, 5, 13, 5),
(1126, 5, 13, 6),
(1127, 5, 13, 7),
(1128, 5, 13, 8),
(1129, 5, 13, 9),
(1130, 5, 13, 10),
(1131, 5, 13, 11),
(1132, 5, 13, 12),
(1133, 5, 13, 13),
(1134, 5, 13, 14),
(1135, 5, 13, 15),
(1136, 5, 13, 16),
(1137, 5, 13, 17),
(1138, 5, 13, 18),
(1139, 5, 13, 19),
(1140, 5, 13, 20),
(1141, 5, 13, 21),
(1142, 5, 13, 22),
(1143, 6, 1, 1),
(1144, 6, 1, 2),
(1145, 6, 1, 3),
(1146, 6, 1, 4),
(1147, 6, 1, 5),
(1148, 6, 1, 6),
(1149, 6, 1, 7),
(1150, 6, 1, 8),
(1151, 6, 1, 9),
(1152, 6, 1, 10),
(1153, 6, 1, 11),
(1154, 6, 1, 12),
(1155, 6, 1, 13),
(1156, 6, 1, 14),
(1157, 6, 1, 15),
(1158, 6, 1, 16),
(1159, 6, 1, 17),
(1160, 6, 1, 18),
(1161, 6, 1, 19),
(1162, 6, 2, 1),
(1163, 6, 2, 2),
(1164, 6, 2, 3),
(1165, 6, 2, 4),
(1166, 6, 2, 5),
(1167, 6, 2, 6),
(1168, 6, 2, 7),
(1169, 6, 2, 8),
(1170, 6, 2, 9),
(1171, 6, 2, 10),
(1172, 6, 2, 11),
(1173, 6, 2, 12),
(1174, 6, 2, 13),
(1175, 6, 2, 14),
(1176, 6, 2, 15),
(1177, 6, 2, 16),
(1178, 6, 2, 17),
(1179, 6, 2, 18),
(1180, 6, 2, 19),
(1181, 6, 2, 20),
(1182, 6, 2, 21),
(1183, 6, 2, 22),
(1184, 6, 3, 1),
(1185, 6, 3, 2),
(1186, 6, 3, 3),
(1187, 6, 3, 4),
(1188, 6, 3, 5),
(1189, 6, 3, 6),
(1190, 6, 3, 9),
(1191, 6, 3, 10),
(1192, 6, 3, 13),
(1193, 6, 3, 14),
(1194, 6, 3, 15),
(1195, 6, 3, 16),
(1196, 6, 3, 17),
(1197, 6, 3, 18),
(1198, 6, 3, 19),
(1199, 6, 3, 20),
(1200, 6, 3, 21),
(1201, 6, 3, 22),
(1202, 6, 4, 1),
(1203, 6, 4, 2),
(1204, 6, 4, 3),
(1205, 6, 4, 4),
(1206, 6, 4, 5),
(1207, 6, 4, 6),
(1208, 6, 4, 7),
(1209, 6, 4, 8),
(1210, 6, 4, 9),
(1211, 6, 4, 10),
(1212, 6, 4, 11),
(1213, 6, 4, 12),
(1214, 6, 4, 13),
(1215, 6, 4, 14),
(1216, 6, 4, 15),
(1217, 6, 4, 16),
(1218, 6, 4, 17),
(1219, 6, 4, 18),
(1220, 6, 4, 19),
(1221, 6, 4, 20),
(1222, 6, 4, 21),
(1223, 6, 4, 22),
(1224, 6, 4, 23),
(1225, 6, 4, 24),
(1226, 6, 4, 25),
(1227, 6, 5, 1),
(1228, 6, 5, 2),
(1229, 6, 5, 3),
(1230, 6, 5, 4),
(1231, 6, 5, 5),
(1232, 6, 5, 6),
(1233, 6, 5, 7),
(1234, 6, 5, 8),
(1235, 6, 5, 9),
(1236, 6, 5, 10),
(1237, 6, 5, 11),
(1238, 6, 5, 12),
(1239, 6, 5, 13),
(1240, 6, 5, 14),
(1241, 6, 5, 15),
(1242, 6, 5, 16),
(1243, 6, 5, 17),
(1244, 6, 5, 18),
(1245, 6, 5, 19),
(1246, 6, 5, 20),
(1247, 6, 5, 21),
(1248, 6, 5, 22),
(1249, 6, 5, 23),
(1250, 6, 5, 24),
(1251, 6, 5, 25),
(1252, 6, 6, 1),
(1253, 6, 6, 2),
(1254, 6, 6, 3),
(1255, 6, 6, 4),
(1256, 6, 6, 5),
(1257, 6, 6, 6),
(1258, 6, 6, 7),
(1259, 6, 6, 8),
(1260, 6, 6, 9),
(1261, 6, 6, 10),
(1262, 6, 6, 11),
(1263, 6, 6, 12),
(1264, 6, 6, 13),
(1265, 6, 6, 14),
(1266, 6, 6, 15),
(1267, 6, 6, 16),
(1268, 6, 6, 17),
(1269, 6, 6, 18),
(1270, 6, 6, 19),
(1271, 6, 6, 20),
(1272, 6, 6, 21),
(1273, 6, 6, 22),
(1274, 6, 6, 23),
(1275, 6, 6, 24),
(1276, 6, 6, 25),
(1277, 6, 7, 1),
(1278, 6, 7, 2),
(1279, 6, 7, 3),
(1280, 6, 7, 4),
(1281, 6, 7, 5),
(1282, 6, 7, 6),
(1283, 6, 7, 7),
(1284, 6, 7, 8),
(1285, 6, 7, 9),
(1286, 6, 7, 10),
(1287, 6, 7, 11),
(1288, 6, 7, 12),
(1289, 6, 7, 13),
(1290, 6, 7, 14),
(1291, 6, 7, 15),
(1292, 6, 7, 16),
(1293, 6, 7, 17),
(1294, 6, 7, 18),
(1295, 6, 7, 19),
(1296, 6, 7, 20),
(1297, 6, 7, 21),
(1298, 6, 7, 22),
(1299, 6, 7, 23),
(1300, 6, 7, 24),
(1301, 6, 7, 25),
(1302, 6, 8, 1),
(1303, 6, 8, 2),
(1304, 6, 8, 3),
(1305, 6, 8, 4),
(1306, 6, 8, 5),
(1307, 6, 8, 6),
(1308, 6, 8, 7),
(1309, 6, 8, 8),
(1310, 6, 8, 9),
(1311, 6, 8, 10),
(1312, 6, 8, 11),
(1313, 6, 8, 12),
(1314, 6, 8, 13),
(1315, 6, 8, 14),
(1316, 6, 8, 15),
(1317, 6, 8, 16),
(1318, 6, 8, 17),
(1319, 6, 8, 18),
(1320, 6, 8, 19),
(1321, 6, 8, 20),
(1322, 6, 8, 21),
(1323, 6, 8, 22),
(1324, 6, 8, 23),
(1325, 6, 8, 24),
(1326, 6, 8, 25),
(1327, 6, 9, 1),
(1328, 6, 9, 2),
(1329, 6, 9, 3),
(1330, 6, 9, 4),
(1331, 6, 9, 5),
(1332, 6, 9, 6),
(1333, 6, 9, 7),
(1334, 6, 9, 8),
(1335, 6, 9, 9),
(1336, 6, 9, 10),
(1337, 6, 9, 11),
(1338, 6, 9, 12),
(1339, 6, 9, 13),
(1340, 6, 9, 14),
(1341, 6, 9, 15),
(1342, 6, 9, 16),
(1343, 6, 9, 17),
(1344, 6, 9, 18),
(1345, 6, 9, 19),
(1346, 6, 9, 20),
(1347, 6, 9, 21),
(1348, 6, 9, 22),
(1349, 6, 9, 23),
(1350, 6, 9, 24),
(1351, 6, 9, 25),
(1352, 6, 10, 1),
(1353, 6, 10, 2),
(1354, 6, 10, 3),
(1355, 6, 10, 4),
(1356, 6, 10, 5),
(1357, 6, 10, 6),
(1358, 6, 10, 7),
(1359, 6, 10, 8),
(1360, 6, 10, 9),
(1361, 6, 10, 10),
(1362, 6, 10, 11),
(1363, 6, 10, 12),
(1364, 6, 10, 13),
(1365, 6, 10, 14),
(1366, 6, 10, 15),
(1367, 6, 10, 16),
(1368, 6, 10, 17),
(1369, 6, 10, 18),
(1370, 6, 10, 19),
(1371, 6, 10, 20),
(1372, 6, 10, 21),
(1373, 6, 10, 22),
(1374, 6, 10, 23),
(1375, 6, 10, 24),
(1376, 6, 10, 25),
(1377, 6, 10, 26),
(1378, 6, 10, 27),
(1379, 6, 10, 28),
(1380, 6, 10, 29),
(1381, 6, 11, 1),
(1382, 6, 11, 2),
(1383, 6, 11, 3),
(1384, 6, 11, 4),
(1385, 6, 11, 5),
(1386, 6, 11, 6),
(1387, 6, 11, 7),
(1388, 6, 11, 8),
(1389, 6, 11, 9),
(1390, 6, 11, 10),
(1391, 6, 11, 11),
(1392, 6, 11, 12),
(1393, 6, 11, 13),
(1394, 6, 11, 14),
(1395, 6, 11, 15),
(1396, 6, 11, 16),
(1397, 6, 11, 17),
(1398, 6, 11, 18),
(1399, 6, 11, 19),
(1400, 6, 11, 20),
(1401, 6, 11, 21),
(1402, 6, 11, 22),
(1403, 6, 11, 23),
(1404, 6, 11, 24),
(1405, 6, 11, 25),
(1406, 6, 11, 26),
(1407, 6, 11, 27),
(1408, 6, 11, 28),
(1409, 6, 11, 29),
(1410, 6, 12, 1),
(1411, 6, 12, 2),
(1412, 6, 12, 3),
(1413, 6, 12, 4),
(1414, 6, 12, 5),
(1415, 6, 12, 6),
(1416, 6, 12, 7),
(1417, 6, 12, 8),
(1418, 6, 12, 9),
(1419, 6, 12, 10),
(1420, 6, 12, 11),
(1421, 6, 12, 12),
(1422, 6, 12, 13),
(1423, 6, 12, 14),
(1424, 6, 12, 15),
(1425, 6, 12, 16),
(1426, 6, 12, 17),
(1427, 6, 12, 18),
(1428, 6, 12, 19),
(1429, 6, 12, 20),
(1430, 6, 12, 21),
(1431, 6, 12, 22),
(1432, 6, 12, 23),
(1433, 6, 12, 24),
(1434, 6, 12, 25),
(1435, 6, 12, 26),
(1436, 6, 12, 27),
(1437, 6, 12, 28),
(1438, 6, 12, 29),
(1439, 6, 13, 1),
(1440, 6, 13, 2),
(1441, 6, 13, 3),
(1442, 6, 13, 4),
(1443, 6, 13, 5),
(1444, 6, 13, 6),
(1445, 6, 13, 7),
(1446, 6, 13, 8),
(1447, 6, 13, 9),
(1448, 6, 13, 10),
(1449, 6, 13, 11),
(1450, 6, 13, 12),
(1451, 6, 13, 13),
(1452, 6, 13, 14),
(1453, 6, 13, 15),
(1454, 6, 13, 16),
(1455, 6, 13, 17),
(1456, 6, 13, 18),
(1457, 6, 13, 19),
(1458, 6, 13, 20),
(1459, 6, 13, 21),
(1460, 6, 13, 22),
(1461, 6, 13, 23),
(1462, 6, 13, 24),
(1463, 6, 13, 25),
(1464, 6, 13, 26),
(1465, 6, 13, 27),
(1466, 6, 13, 28),
(1467, 6, 13, 29),
(1468, 6, 14, 1),
(1469, 6, 14, 2),
(1470, 6, 14, 3),
(1471, 6, 14, 4),
(1472, 6, 14, 5),
(1473, 6, 14, 6),
(1474, 6, 14, 7),
(1475, 6, 14, 8),
(1476, 6, 14, 9),
(1477, 6, 14, 10),
(1478, 6, 14, 11),
(1479, 6, 14, 12),
(1480, 6, 14, 13),
(1481, 6, 14, 14),
(1482, 6, 14, 15),
(1483, 6, 14, 16),
(1484, 6, 14, 17),
(1485, 6, 14, 18),
(1486, 6, 14, 19),
(1487, 6, 14, 20),
(1488, 6, 14, 21),
(1489, 6, 14, 22),
(1490, 6, 14, 23),
(1491, 6, 14, 24),
(1492, 6, 14, 25),
(1493, 6, 14, 26),
(1494, 6, 14, 27),
(1495, 6, 14, 28),
(1496, 6, 14, 29),
(1497, 6, 15, 1),
(1498, 6, 15, 2),
(1499, 6, 15, 3),
(1500, 6, 15, 4),
(1501, 6, 15, 5),
(1502, 6, 15, 6),
(1503, 6, 15, 7),
(1504, 6, 15, 8),
(1505, 6, 15, 9),
(1506, 6, 15, 10),
(1507, 6, 15, 11),
(1508, 6, 15, 12),
(1509, 6, 15, 13),
(1510, 6, 15, 14),
(1511, 6, 15, 15),
(1512, 6, 15, 16),
(1513, 6, 15, 17),
(1514, 6, 15, 18),
(1515, 6, 15, 19),
(1516, 6, 15, 20),
(1517, 6, 15, 21),
(1518, 6, 15, 22),
(1519, 6, 15, 23),
(1520, 6, 15, 24),
(1521, 6, 15, 25),
(1522, 6, 15, 26),
(1523, 6, 15, 27),
(1524, 6, 15, 28),
(1525, 6, 15, 29),
(1526, 6, 16, 1),
(1527, 6, 16, 2),
(1528, 6, 16, 3),
(1529, 6, 16, 4),
(1530, 6, 16, 5),
(1531, 6, 16, 6),
(1532, 6, 16, 7),
(1533, 6, 16, 8),
(1534, 6, 16, 9),
(1535, 6, 16, 10),
(1536, 6, 16, 11),
(1537, 6, 16, 12),
(1538, 6, 16, 13),
(1539, 6, 16, 14),
(1540, 6, 16, 15),
(1541, 6, 16, 16),
(1542, 6, 16, 17),
(1543, 6, 16, 18),
(1544, 6, 16, 19),
(1545, 6, 16, 20),
(1546, 6, 16, 21),
(1547, 6, 16, 22),
(1548, 6, 16, 23),
(1549, 6, 16, 24),
(1550, 6, 16, 25),
(1551, 6, 16, 26),
(1552, 6, 16, 27),
(1553, 6, 16, 28),
(1554, 6, 16, 29),
(1555, 6, 17, 1),
(1556, 6, 17, 2),
(1557, 6, 17, 3),
(1558, 6, 17, 5),
(1559, 6, 17, 6),
(1560, 6, 17, 7),
(1561, 6, 17, 8),
(1562, 6, 17, 9),
(1563, 6, 17, 10),
(1564, 6, 17, 11),
(1565, 6, 17, 12),
(1566, 6, 17, 13),
(1567, 6, 17, 14),
(1568, 6, 17, 15),
(1569, 6, 17, 16),
(1570, 6, 17, 17),
(1571, 6, 17, 18),
(1572, 6, 17, 19),
(1573, 6, 17, 20),
(1574, 6, 17, 21),
(1575, 6, 17, 22),
(1576, 6, 17, 23),
(1577, 6, 17, 24),
(1578, 6, 17, 25),
(1579, 6, 17, 26),
(1580, 6, 17, 27),
(1581, 6, 17, 28),
(1582, 6, 17, 29),
(1583, 6, 17, 30),
(1584, 7, 1, 1),
(1585, 7, 1, 2),
(1586, 7, 1, 3),
(1587, 7, 1, 5),
(1588, 7, 1, 6),
(1589, 7, 1, 7),
(1590, 7, 1, 8),
(1591, 7, 1, 9),
(1592, 7, 1, 10),
(1593, 7, 1, 11),
(1594, 7, 1, 12),
(1595, 7, 1, 13),
(1596, 7, 1, 14),
(1597, 7, 1, 15),
(1598, 7, 2, 1),
(1599, 7, 2, 2),
(1600, 7, 2, 3),
(1601, 7, 2, 5),
(1602, 7, 2, 6),
(1603, 7, 2, 7),
(1604, 7, 2, 8),
(1605, 7, 2, 9),
(1606, 7, 2, 10),
(1607, 7, 2, 11),
(1608, 7, 2, 12),
(1609, 7, 2, 13),
(1610, 7, 2, 14),
(1611, 7, 2, 15),
(1612, 7, 2, 16),
(1613, 7, 3, 1),
(1614, 7, 3, 2),
(1615, 7, 3, 3),
(1616, 7, 3, 5),
(1617, 7, 3, 6),
(1618, 7, 3, 7),
(1619, 7, 3, 8),
(1620, 7, 3, 9),
(1621, 7, 3, 10),
(1622, 7, 3, 11),
(1623, 7, 3, 12),
(1624, 7, 3, 13),
(1625, 7, 3, 14),
(1626, 7, 3, 15),
(1627, 7, 3, 16),
(1628, 7, 3, 17),
(1629, 7, 4, 1),
(1630, 7, 4, 2),
(1631, 7, 4, 3),
(1632, 7, 4, 5),
(1633, 7, 4, 8),
(1634, 7, 4, 9),
(1635, 7, 4, 11),
(1636, 7, 4, 12),
(1637, 7, 5, 1),
(1638, 7, 5, 2),
(1639, 7, 5, 3),
(1640, 7, 5, 5),
(1641, 7, 5, 6),
(1642, 7, 5, 7),
(1643, 7, 5, 8),
(1644, 7, 5, 9),
(1645, 7, 5, 10),
(1646, 7, 5, 11),
(1647, 7, 5, 12),
(1648, 7, 5, 13),
(1649, 7, 5, 14),
(1650, 7, 5, 15),
(1651, 7, 6, 1),
(1652, 7, 6, 2),
(1653, 7, 6, 3),
(1654, 7, 6, 5),
(1655, 7, 6, 6),
(1656, 7, 6, 7),
(1657, 7, 6, 8),
(1658, 7, 6, 9),
(1659, 7, 6, 10),
(1660, 7, 6, 11),
(1661, 7, 6, 12),
(1662, 7, 6, 13),
(1663, 7, 6, 14),
(1664, 7, 6, 15),
(1665, 7, 7, 1),
(1666, 7, 7, 2),
(1667, 7, 7, 3),
(1668, 7, 7, 5),
(1669, 7, 7, 6),
(1670, 7, 7, 7),
(1671, 7, 7, 8),
(1672, 7, 7, 9),
(1673, 7, 7, 10),
(1674, 7, 7, 11),
(1675, 7, 7, 12),
(1676, 7, 7, 13),
(1677, 7, 7, 14),
(1678, 7, 7, 15),
(1679, 7, 8, 1),
(1680, 7, 8, 2),
(1681, 7, 8, 3),
(1682, 7, 8, 5),
(1683, 7, 8, 6),
(1684, 7, 8, 7),
(1685, 7, 8, 8),
(1686, 7, 8, 9),
(1687, 7, 8, 10),
(1688, 7, 8, 11),
(1689, 7, 8, 12),
(1690, 7, 8, 13),
(1691, 7, 8, 14),
(1692, 7, 8, 15),
(1693, 7, 9, 1),
(1694, 7, 9, 2),
(1695, 7, 9, 3),
(1696, 7, 9, 5),
(1697, 7, 9, 6),
(1698, 7, 9, 7),
(1699, 7, 9, 8),
(1700, 7, 9, 9),
(1701, 7, 9, 10),
(1702, 7, 9, 11),
(1703, 7, 9, 12),
(1704, 7, 9, 13),
(1705, 7, 9, 14),
(1706, 7, 9, 15),
(1707, 7, 10, 1),
(1708, 7, 10, 2),
(1709, 7, 10, 3),
(1710, 7, 10, 5),
(1711, 7, 10, 6),
(1712, 7, 10, 7),
(1713, 7, 10, 8),
(1714, 7, 10, 9),
(1715, 7, 10, 10),
(1716, 7, 10, 11),
(1717, 7, 10, 12),
(1718, 7, 10, 13),
(1719, 7, 10, 14),
(1720, 7, 10, 15),
(1721, 7, 10, 16),
(1722, 7, 10, 17),
(1723, 7, 10, 18),
(1724, 7, 10, 19),
(1725, 7, 11, 1),
(1726, 7, 11, 2),
(1727, 7, 11, 3),
(1728, 7, 11, 5),
(1729, 7, 11, 6),
(1730, 7, 11, 7),
(1731, 7, 11, 8),
(1732, 7, 11, 9),
(1733, 7, 11, 10),
(1734, 7, 11, 11),
(1735, 7, 11, 12),
(1736, 7, 11, 13),
(1737, 7, 11, 14),
(1738, 7, 11, 15),
(1739, 7, 11, 16),
(1740, 7, 11, 17),
(1741, 7, 11, 18),
(1742, 7, 11, 19),
(1743, 7, 12, 1),
(1744, 7, 12, 2),
(1745, 7, 12, 3),
(1746, 7, 12, 5),
(1747, 7, 12, 6),
(1748, 7, 12, 7),
(1749, 7, 12, 8),
(1750, 7, 12, 9),
(1751, 7, 12, 10),
(1752, 7, 12, 11),
(1753, 7, 12, 12),
(1754, 7, 12, 13),
(1755, 7, 12, 14),
(1756, 7, 12, 15),
(1757, 7, 12, 16),
(1758, 7, 12, 17),
(1759, 7, 12, 18),
(1760, 7, 12, 19),
(1761, 7, 13, 1),
(1762, 7, 13, 2),
(1763, 7, 13, 3),
(1764, 7, 13, 5),
(1765, 7, 13, 6),
(1766, 7, 13, 7),
(1767, 7, 13, 8),
(1768, 7, 13, 9),
(1769, 7, 13, 10),
(1770, 7, 13, 11),
(1771, 7, 13, 12),
(1772, 7, 13, 13),
(1773, 7, 13, 14),
(1774, 7, 13, 15),
(1775, 7, 13, 16),
(1776, 7, 13, 17),
(1777, 7, 13, 18),
(1778, 7, 13, 19),
(1779, 7, 13, 20),
(1780, 7, 13, 21),
(1781, 7, 13, 22),
(1782, 7, 13, 23),
(1783, 8, 1, 1),
(1784, 8, 1, 2),
(1785, 8, 1, 3),
(1786, 8, 1, 5),
(1787, 8, 1, 6),
(1788, 8, 1, 7),
(1789, 8, 1, 8),
(1790, 8, 1, 9),
(1791, 8, 1, 10),
(1792, 8, 1, 11),
(1793, 8, 1, 12),
(1794, 8, 1, 13),
(1795, 8, 1, 14),
(1796, 8, 1, 15),
(1797, 8, 2, 1),
(1798, 8, 2, 2),
(1799, 8, 2, 3),
(1800, 8, 2, 5),
(1801, 8, 2, 6),
(1802, 8, 2, 7),
(1803, 8, 2, 8),
(1804, 8, 2, 9),
(1805, 8, 2, 10),
(1806, 8, 2, 11),
(1807, 8, 2, 12),
(1808, 8, 2, 13),
(1809, 8, 2, 14),
(1810, 8, 2, 15),
(1811, 8, 2, 16),
(1812, 8, 3, 1),
(1813, 8, 3, 2),
(1814, 8, 3, 3),
(1815, 8, 3, 5),
(1816, 8, 3, 6),
(1817, 8, 3, 7),
(1818, 8, 3, 8),
(1819, 8, 3, 9),
(1820, 8, 3, 10),
(1821, 8, 3, 11),
(1822, 8, 3, 12),
(1823, 8, 3, 13),
(1824, 8, 3, 14),
(1825, 8, 3, 15),
(1826, 8, 3, 16),
(1827, 8, 3, 17),
(1828, 8, 4, 1),
(1829, 8, 4, 2),
(1830, 8, 4, 3),
(1831, 8, 4, 5),
(1832, 8, 4, 8),
(1833, 8, 4, 9),
(1834, 8, 4, 11),
(1835, 8, 4, 12),
(1836, 8, 5, 1),
(1837, 8, 5, 2),
(1838, 8, 5, 3),
(1839, 8, 5, 5),
(1840, 8, 5, 6),
(1841, 8, 5, 7),
(1842, 8, 5, 8),
(1843, 8, 5, 9),
(1844, 8, 5, 10),
(1845, 8, 5, 11),
(1846, 8, 5, 12),
(1847, 8, 5, 13),
(1848, 8, 5, 14),
(1849, 8, 5, 15),
(1850, 8, 6, 1),
(1851, 8, 6, 2),
(1852, 8, 6, 3),
(1853, 8, 6, 5),
(1854, 8, 6, 6),
(1855, 8, 6, 7),
(1856, 8, 6, 8),
(1857, 8, 6, 9),
(1858, 8, 6, 10),
(1859, 8, 6, 11),
(1860, 8, 6, 12),
(1861, 8, 6, 13),
(1862, 8, 6, 14),
(1863, 8, 6, 15),
(1864, 8, 7, 1),
(1865, 8, 7, 2),
(1866, 8, 7, 3),
(1867, 8, 7, 5),
(1868, 8, 7, 6),
(1869, 8, 7, 7),
(1870, 8, 7, 8),
(1871, 8, 7, 9),
(1872, 8, 7, 10),
(1873, 8, 7, 11),
(1874, 8, 7, 12),
(1875, 8, 7, 13),
(1876, 8, 7, 14),
(1877, 8, 7, 15),
(1878, 8, 8, 1),
(1879, 8, 8, 2),
(1880, 8, 8, 3),
(1881, 8, 8, 5),
(1882, 8, 8, 6),
(1883, 8, 8, 7),
(1884, 8, 8, 8),
(1885, 8, 8, 9),
(1886, 8, 8, 10),
(1887, 8, 8, 11),
(1888, 8, 8, 12),
(1889, 8, 8, 13),
(1890, 8, 8, 14),
(1891, 8, 8, 15),
(1892, 8, 9, 1),
(1893, 8, 9, 2),
(1894, 8, 9, 3),
(1895, 8, 9, 5),
(1896, 8, 9, 6),
(1897, 8, 9, 7),
(1898, 8, 9, 8),
(1899, 8, 9, 9),
(1900, 8, 9, 10),
(1901, 8, 9, 11),
(1902, 8, 9, 12),
(1903, 8, 9, 13),
(1904, 8, 9, 14),
(1905, 8, 9, 15),
(1906, 8, 10, 1),
(1907, 8, 10, 2),
(1908, 8, 10, 3),
(1909, 8, 10, 5),
(1910, 8, 10, 6),
(1911, 8, 10, 7),
(1912, 8, 10, 8),
(1913, 8, 10, 9),
(1914, 8, 10, 10),
(1915, 8, 10, 11),
(1916, 8, 10, 12),
(1917, 8, 10, 13),
(1918, 8, 10, 14),
(1919, 8, 10, 15),
(1920, 8, 10, 16),
(1921, 8, 10, 17),
(1922, 8, 10, 18),
(1923, 8, 10, 19),
(1924, 8, 11, 1),
(1925, 8, 11, 2),
(1926, 8, 11, 3),
(1927, 8, 11, 5),
(1928, 8, 11, 6),
(1929, 8, 11, 7),
(1930, 8, 11, 8),
(1931, 8, 11, 9),
(1932, 8, 11, 10),
(1933, 8, 11, 11),
(1934, 8, 11, 12),
(1935, 8, 11, 13),
(1936, 8, 11, 14),
(1937, 8, 11, 15),
(1938, 8, 11, 16),
(1939, 8, 11, 17),
(1940, 8, 11, 18),
(1941, 8, 11, 19),
(1942, 8, 12, 1),
(1943, 8, 12, 2),
(1944, 8, 12, 3),
(1945, 8, 12, 5),
(1946, 8, 12, 6),
(1947, 8, 12, 7),
(1948, 8, 12, 8),
(1949, 8, 12, 9),
(1950, 8, 12, 10),
(1951, 8, 12, 11),
(1952, 8, 12, 12),
(1953, 8, 12, 13),
(1954, 8, 12, 14),
(1955, 8, 12, 15),
(1956, 8, 12, 16),
(1957, 8, 12, 17),
(1958, 8, 12, 18),
(1959, 8, 12, 19),
(1960, 8, 13, 1),
(1961, 8, 13, 2),
(1962, 8, 13, 3),
(1963, 8, 13, 5),
(1964, 8, 13, 6),
(1965, 8, 13, 7),
(1966, 8, 13, 8),
(1967, 8, 13, 9),
(1968, 8, 13, 10),
(1969, 8, 13, 11),
(1970, 8, 13, 12),
(1971, 8, 13, 13),
(1972, 8, 13, 14),
(1973, 8, 13, 15),
(1974, 8, 13, 16),
(1975, 8, 13, 17),
(1976, 8, 13, 18),
(1977, 8, 13, 19),
(1978, 8, 13, 20),
(1979, 8, 13, 21),
(1980, 9, 1, 1),
(1981, 9, 1, 2),
(1982, 9, 1, 3),
(1983, 9, 1, 5),
(1984, 9, 1, 6),
(1985, 9, 1, 7),
(1986, 9, 1, 8),
(1987, 9, 1, 9),
(1988, 9, 1, 10),
(1989, 9, 1, 11),
(1990, 9, 1, 12),
(1991, 9, 1, 13),
(1992, 9, 1, 14),
(1993, 9, 1, 15),
(1994, 9, 2, 1),
(1995, 9, 2, 2),
(1996, 9, 2, 3),
(1997, 9, 2, 5),
(1998, 9, 2, 6),
(1999, 9, 2, 7),
(2000, 9, 2, 8),
(2001, 9, 2, 9),
(2002, 9, 2, 10),
(2003, 9, 2, 11),
(2004, 9, 2, 12),
(2005, 9, 2, 13),
(2006, 9, 2, 14),
(2007, 9, 2, 15),
(2008, 9, 2, 16),
(2009, 9, 3, 1),
(2010, 9, 3, 2),
(2011, 9, 3, 3),
(2012, 9, 3, 5),
(2013, 9, 3, 6),
(2014, 9, 3, 7),
(2015, 9, 3, 8),
(2016, 9, 3, 9),
(2017, 9, 3, 10),
(2018, 9, 3, 11),
(2019, 9, 3, 12),
(2020, 9, 3, 13),
(2021, 9, 3, 14),
(2022, 9, 3, 15),
(2023, 9, 3, 16),
(2024, 9, 3, 17),
(2025, 9, 4, 1),
(2026, 9, 4, 2),
(2027, 9, 4, 3),
(2028, 9, 4, 5),
(2029, 9, 4, 8),
(2030, 9, 4, 9),
(2031, 9, 4, 11),
(2032, 9, 4, 12),
(2033, 9, 5, 1),
(2034, 9, 5, 2),
(2035, 9, 5, 3),
(2036, 9, 5, 5),
(2037, 9, 5, 6),
(2038, 9, 5, 7),
(2039, 9, 5, 8),
(2040, 9, 5, 9),
(2041, 9, 5, 10),
(2042, 9, 5, 11),
(2043, 9, 5, 12),
(2044, 9, 5, 13),
(2045, 9, 5, 14),
(2046, 9, 5, 15),
(2047, 9, 6, 1),
(2048, 9, 6, 2),
(2049, 9, 6, 3),
(2050, 9, 6, 5),
(2051, 9, 6, 6),
(2052, 9, 6, 7),
(2053, 9, 6, 8),
(2054, 9, 6, 9),
(2055, 9, 6, 10),
(2056, 9, 6, 11),
(2057, 9, 6, 12),
(2058, 9, 6, 13),
(2059, 9, 6, 14),
(2060, 9, 6, 15),
(2061, 9, 7, 1),
(2062, 9, 7, 2),
(2063, 9, 7, 3),
(2064, 9, 7, 5),
(2065, 9, 7, 6),
(2066, 9, 7, 7),
(2067, 9, 7, 8),
(2068, 9, 7, 9),
(2069, 9, 7, 10),
(2070, 9, 7, 11),
(2071, 9, 7, 12),
(2072, 9, 7, 13),
(2073, 9, 7, 14),
(2074, 9, 7, 15),
(2075, 9, 8, 1),
(2076, 9, 8, 2),
(2077, 9, 8, 3),
(2078, 9, 8, 5),
(2079, 9, 8, 6),
(2080, 9, 8, 7),
(2081, 9, 8, 8),
(2082, 9, 8, 9),
(2083, 9, 8, 10),
(2084, 9, 8, 11),
(2085, 9, 8, 12),
(2086, 9, 8, 13),
(2087, 9, 8, 14),
(2088, 9, 8, 15),
(2089, 9, 9, 1),
(2090, 9, 9, 2),
(2091, 9, 9, 3),
(2092, 9, 9, 5),
(2093, 9, 9, 6),
(2094, 9, 9, 7),
(2095, 9, 9, 8),
(2096, 9, 9, 9),
(2097, 9, 9, 10),
(2098, 9, 9, 11),
(2099, 9, 9, 12),
(2100, 9, 9, 13),
(2101, 9, 9, 14),
(2102, 9, 9, 15),
(2103, 9, 10, 1),
(2104, 9, 10, 2),
(2105, 9, 10, 3),
(2106, 9, 10, 5),
(2107, 9, 10, 6),
(2108, 9, 10, 7),
(2109, 9, 10, 8),
(2110, 9, 10, 9),
(2111, 9, 10, 10),
(2112, 9, 10, 11),
(2113, 9, 10, 12),
(2114, 9, 10, 13),
(2115, 9, 10, 14),
(2116, 9, 10, 15),
(2117, 9, 10, 16),
(2118, 9, 10, 17),
(2119, 9, 10, 18),
(2120, 9, 10, 19),
(2121, 9, 11, 1),
(2122, 9, 11, 2),
(2123, 9, 11, 3),
(2124, 9, 11, 5),
(2125, 9, 11, 6),
(2126, 9, 11, 7),
(2127, 9, 11, 8),
(2128, 9, 11, 9),
(2129, 9, 11, 10),
(2130, 9, 11, 11),
(2131, 9, 11, 12),
(2132, 9, 11, 13),
(2133, 9, 11, 14),
(2134, 9, 11, 15),
(2135, 9, 11, 16),
(2136, 9, 11, 17),
(2137, 9, 11, 18),
(2138, 9, 11, 19),
(2139, 9, 12, 1),
(2140, 9, 12, 2),
(2141, 9, 12, 3),
(2142, 9, 12, 5),
(2143, 9, 12, 6),
(2144, 9, 12, 7),
(2145, 9, 12, 8),
(2146, 9, 12, 9),
(2147, 9, 12, 10),
(2148, 9, 12, 11),
(2149, 9, 12, 12),
(2150, 9, 12, 13),
(2151, 9, 12, 14),
(2152, 9, 12, 15),
(2153, 9, 12, 16),
(2154, 9, 12, 17),
(2155, 9, 12, 18),
(2156, 9, 12, 19),
(2157, 9, 13, 1),
(2158, 9, 13, 2),
(2159, 9, 13, 3),
(2160, 9, 13, 5),
(2161, 9, 13, 6),
(2162, 9, 13, 7),
(2163, 9, 13, 8),
(2164, 9, 13, 9),
(2165, 9, 13, 10),
(2166, 9, 13, 11),
(2167, 9, 13, 12),
(2168, 9, 13, 13),
(2169, 9, 13, 14),
(2170, 9, 13, 15),
(2171, 9, 13, 16),
(2172, 9, 13, 17),
(2173, 9, 13, 18),
(2174, 9, 13, 19),
(2175, 9, 13, 20),
(2176, 9, 13, 21),
(2177, 10, 1, 1),
(2178, 10, 1, 2),
(2179, 10, 1, 3),
(2180, 10, 1, 5),
(2181, 10, 1, 6),
(2182, 10, 1, 7),
(2183, 10, 1, 8),
(2184, 10, 1, 9),
(2185, 10, 1, 10),
(2186, 10, 1, 11),
(2187, 10, 1, 12),
(2188, 10, 1, 13),
(2189, 10, 1, 14),
(2190, 10, 1, 15),
(2191, 10, 1, 16),
(2192, 10, 2, 1),
(2193, 10, 2, 2),
(2194, 10, 2, 3),
(2195, 10, 2, 5),
(2196, 10, 2, 6),
(2197, 10, 2, 7),
(2198, 10, 2, 8),
(2199, 10, 2, 9),
(2200, 10, 2, 10),
(2201, 10, 2, 11),
(2202, 10, 2, 12),
(2203, 10, 2, 13),
(2204, 10, 2, 14),
(2205, 10, 2, 15),
(2206, 10, 2, 16),
(2207, 10, 2, 17),
(2208, 10, 2, 18),
(2209, 10, 3, 1),
(2210, 10, 3, 2),
(2211, 10, 3, 3),
(2212, 10, 3, 5),
(2213, 10, 3, 6),
(2214, 10, 3, 7),
(2215, 10, 3, 8),
(2216, 10, 3, 9),
(2217, 10, 3, 10),
(2218, 10, 3, 11),
(2219, 10, 3, 12),
(2220, 10, 3, 13),
(2221, 10, 3, 14),
(2222, 10, 3, 15),
(2223, 10, 3, 16),
(2224, 10, 3, 17),
(2225, 10, 3, 18),
(2226, 10, 3, 19),
(2227, 10, 4, 1),
(2228, 10, 4, 2),
(2229, 10, 4, 3),
(2230, 10, 4, 5),
(2231, 10, 4, 6),
(2232, 10, 4, 7),
(2233, 10, 4, 10),
(2234, 10, 4, 11),
(2235, 10, 4, 14),
(2236, 10, 4, 15),
(2237, 10, 5, 1),
(2238, 10, 5, 2),
(2239, 10, 5, 3),
(2240, 10, 5, 5),
(2241, 10, 5, 6),
(2242, 10, 5, 7),
(2243, 10, 5, 8),
(2244, 10, 5, 9),
(2245, 10, 5, 10),
(2246, 10, 5, 11),
(2247, 10, 5, 12),
(2248, 10, 5, 13),
(2249, 10, 5, 14),
(2250, 10, 5, 15),
(2251, 10, 5, 16),
(2252, 10, 5, 17),
(2253, 10, 5, 18),
(2254, 10, 6, 1),
(2255, 10, 6, 2),
(2256, 10, 6, 3),
(2257, 10, 6, 5),
(2258, 10, 6, 6),
(2259, 10, 6, 7),
(2260, 10, 6, 8),
(2261, 10, 6, 9),
(2262, 10, 6, 10),
(2263, 10, 6, 11),
(2264, 10, 6, 12),
(2265, 10, 6, 13),
(2266, 10, 6, 14),
(2267, 10, 6, 15),
(2268, 10, 6, 16),
(2269, 10, 6, 17),
(2270, 10, 6, 18),
(2271, 10, 7, 1),
(2272, 10, 7, 2),
(2273, 10, 7, 3),
(2274, 10, 7, 5),
(2275, 10, 7, 6),
(2276, 10, 7, 7),
(2277, 10, 7, 8),
(2278, 10, 7, 9),
(2279, 10, 7, 10),
(2280, 10, 7, 11),
(2281, 10, 7, 12),
(2282, 10, 7, 13),
(2283, 10, 7, 14),
(2284, 10, 7, 15),
(2285, 10, 7, 16),
(2286, 10, 7, 17),
(2287, 10, 7, 18),
(2288, 10, 8, 1),
(2289, 10, 8, 2),
(2290, 10, 8, 3),
(2291, 10, 8, 5),
(2292, 10, 8, 6),
(2293, 10, 8, 7),
(2294, 10, 8, 8),
(2295, 10, 8, 9),
(2296, 10, 8, 10),
(2297, 10, 8, 11),
(2298, 10, 8, 12),
(2299, 10, 8, 13),
(2300, 10, 8, 14),
(2301, 10, 8, 15),
(2302, 10, 8, 16),
(2303, 10, 8, 17),
(2304, 10, 8, 18),
(2305, 10, 9, 1),
(2306, 10, 9, 2),
(2307, 10, 9, 3),
(2308, 10, 9, 5),
(2309, 10, 9, 6),
(2310, 10, 9, 7),
(2311, 10, 9, 8),
(2312, 10, 9, 9),
(2313, 10, 9, 10),
(2314, 10, 9, 11),
(2315, 10, 9, 12),
(2316, 10, 9, 13),
(2317, 10, 9, 14),
(2318, 10, 9, 15),
(2319, 10, 9, 16),
(2320, 10, 9, 17),
(2321, 10, 9, 18),
(2322, 10, 10, 1),
(2323, 10, 10, 2),
(2324, 10, 10, 3),
(2325, 10, 10, 5),
(2326, 10, 10, 6),
(2327, 10, 10, 7),
(2328, 10, 10, 8),
(2329, 10, 10, 9),
(2330, 10, 10, 10),
(2331, 10, 10, 11),
(2332, 10, 10, 12),
(2333, 10, 10, 13),
(2334, 10, 10, 14),
(2335, 10, 10, 15),
(2336, 10, 10, 16),
(2337, 10, 10, 17),
(2338, 10, 10, 18),
(2339, 10, 10, 19),
(2340, 10, 10, 20),
(2341, 10, 10, 21),
(2342, 10, 11, 1),
(2343, 10, 11, 2),
(2344, 10, 11, 3),
(2345, 10, 11, 5),
(2346, 10, 11, 6),
(2347, 10, 11, 7),
(2348, 10, 11, 8),
(2349, 10, 11, 9),
(2350, 10, 11, 10),
(2351, 10, 11, 11),
(2352, 10, 11, 12),
(2353, 10, 11, 13),
(2354, 10, 11, 14),
(2355, 10, 11, 15),
(2356, 10, 11, 16),
(2357, 10, 11, 17),
(2358, 10, 11, 18),
(2359, 10, 11, 19),
(2360, 10, 11, 20),
(2361, 10, 11, 21),
(2362, 10, 12, 1),
(2363, 10, 12, 2),
(2364, 10, 12, 3),
(2365, 10, 12, 5),
(2366, 10, 12, 6),
(2367, 10, 12, 7),
(2368, 10, 12, 8),
(2369, 10, 12, 9),
(2370, 10, 12, 10),
(2371, 10, 12, 11),
(2372, 10, 12, 12),
(2373, 10, 12, 13),
(2374, 10, 12, 14),
(2375, 10, 12, 15),
(2376, 10, 12, 16),
(2377, 10, 12, 17),
(2378, 10, 12, 18),
(2379, 10, 12, 19),
(2380, 10, 12, 20),
(2381, 10, 12, 21),
(2382, 10, 13, 1),
(2383, 10, 13, 2),
(2384, 10, 13, 3),
(2385, 10, 13, 5),
(2386, 10, 13, 6),
(2387, 10, 13, 7),
(2388, 10, 13, 8),
(2389, 10, 13, 9),
(2390, 10, 13, 10),
(2391, 10, 13, 11),
(2392, 10, 13, 12),
(2393, 10, 13, 13),
(2394, 10, 13, 14),
(2395, 10, 13, 15),
(2396, 10, 13, 16),
(2397, 10, 13, 17),
(2398, 10, 13, 18),
(2399, 10, 13, 19),
(2400, 10, 13, 20),
(2401, 10, 13, 21),
(2402, 10, 13, 22),
(2403, 10, 13, 23),
(2404, 10, 13, 24),
(2405, 10, 13, 25),
(2406, 10, 13, 26),
(2426, 10, 13, 15),
(2427, 10, 13, 16),
(2428, 10, 13, 17),
(2429, 10, 13, 18),
(2430, 10, 13, 19),
(2431, 10, 13, 20),
(2432, 10, 13, 21),
(2433, 10, 13, 22),
(2434, 10, 13, 23),
(2435, 10, 13, 24),
(2436, 10, 13, 25),
(2437, 10, 13, 26);

-- --------------------------------------------------------

--
-- Структура таблицы `seance`
--

CREATE TABLE `seance` (
  `ID` int(10) UNSIGNED NOT NULL,
  `ID_hall` int(10) UNSIGNED DEFAULT NULL,
  `ID_movie` int(10) UNSIGNED DEFAULT NULL,
  `datetime` datetime NOT NULL,
  `price` float(6,2) UNSIGNED NOT NULL
) ENGINE=InnoDB DEFAULT CHARSET=utf8;

--
-- Дамп данных таблицы `seance`
--

INSERT INTO `seance` (`ID`, `ID_hall`, `ID_movie`, `datetime`, `price`) VALUES
(1, 4, 1, '2017-02-01 17:10:00', 380.00),
(2, 1, 1, '2017-02-01 19:00:00', 340.00),
(3, 4, 1, '2017-02-01 19:55:00', 380.00),
(4, 1, 1, '2017-02-01 21:45:00', 340.00),
(5, 4, 1, '2017-02-01 22:40:00', 380.00),
(6, 10, 1, '2017-02-01 19:00:00', 300.00),
(7, 6, 1, '2017-02-01 19:50:00', 300.00),
(8, 6, 1, '2017-02-01 22:35:00', 300.00),
(9, 10, 1, '2017-02-01 21:45:00', 300.00),
(10, 10, 1, '2017-02-02 00:30:00', 300.00),
(11, 5, 1, '2017-02-02 11:00:00', 200.00),
(12, 5, 1, '2017-02-02 13:45:00', 260.00),
(13, 5, 1, '2017-02-02 16:30:00', 260.00),
(14, 5, 1, '2017-02-02 19:15:00', 360.00),
(15, 5, 1, '2017-02-02 00:21:55', 360.00),
(16, 2, 2, '2017-02-01 20:50:00', 320.00),
(17, 8, 2, '2017-02-01 20:55:00', 300.00),
(18, 3, 3, '2017-02-01 13:05:00', 320.00),
(19, 3, 3, '2017-02-01 15:25:00', 260.00),
(20, 3, 3, '2017-02-01 20:05:00', 360.00),
(21, 7, 3, '2017-02-01 11:30:00', 100.00),
(22, 7, 3, '2017-02-01 13:55:00', 200.00),
(23, 7, 3, '2017-02-01 16:20:00', 200.00),
(24, 7, 3, '2017-02-01 18:45:00', 300.00),
(25, 7, 3, '2017-02-01 21:05:00', 300.00),
(26, 3, 3, '2017-02-02 13:05:00', 320.00),
(27, 3, 3, '2017-02-02 15:25:00', 260.00),
(28, 3, 3, '2017-02-02 20:05:00', 360.00),
(29, 7, 3, '2017-02-02 11:30:00', 100.00),
(30, 7, 3, '2017-02-02 13:55:00', 200.00),
(31, 7, 3, '2017-02-02 16:20:00', 200.00),
(32, 7, 3, '2017-02-02 18:45:00', 300.00),
(33, 7, 3, '2017-02-02 21:05:00', 300.00),
(34, 2, 4, '2017-02-01 11:20:00', 190.00),
(35, 2, 4, '2017-02-01 15:40:00', 260.00),
(36, 7, 4, '2017-02-01 23:30:00', 300.00),
(37, 2, 4, '2017-02-02 11:20:00', 190.00),
(38, 2, 4, '2017-02-02 15:40:00', 260.00),
(39, 7, 4, '2017-02-02 23:30:00', 300.00),
(40, 9, 5, '2017-02-01 17:55:00', 420.00),
(41, 9, 5, '2017-02-02 17:55:00', 420.00);

-- --------------------------------------------------------

--
-- Структура таблицы `status`
--

CREATE TABLE `status` (
  `ID` tinyint(3) UNSIGNED NOT NULL,
  `name` varchar(255) NOT NULL
) ENGINE=InnoDB DEFAULT CHARSET=utf8;

--
-- Дамп данных таблицы `status`
--

INSERT INTO `status` (`ID`, `name`) VALUES
(1, 'Забронирован'),
(2, 'Выкуплен');

-- --------------------------------------------------------

--
-- Структура таблицы `ticket`
--

CREATE TABLE `ticket` (
  `ID` int(10) UNSIGNED NOT NULL,
  `ID_seance` int(10) UNSIGNED DEFAULT NULL,
  `ID_status` tinyint(3) UNSIGNED DEFAULT NULL,
  `row` tinyint(3) UNSIGNED NOT NULL,
  `number` tinyint(3) UNSIGNED NOT NULL
) ENGINE=InnoDB DEFAULT CHARSET=utf8;

--
-- Индексы сохранённых таблиц
--

--
-- Индексы таблицы `actor`
--
ALTER TABLE `actor`
  ADD PRIMARY KEY (`ID`);

--
-- Индексы таблицы `actor_list`
--
ALTER TABLE `actor_list`
  ADD PRIMARY KEY (`ID`),
  ADD KEY `ID_actor` (`ID_actor`),
  ADD KEY `ID_movis` (`ID_movis`);

--
-- Индексы таблицы `cinema`
--
ALTER TABLE `cinema`
  ADD PRIMARY KEY (`ID`);

--
-- Индексы таблицы `directed`
--
ALTER TABLE `directed`
  ADD PRIMARY KEY (`ID`);

--
-- Индексы таблицы `genre`
--
ALTER TABLE `genre`
  ADD PRIMARY KEY (`ID`);

--
-- Индексы таблицы `hall`
--
ALTER TABLE `hall`
  ADD PRIMARY KEY (`ID`),
  ADD KEY `ID_cinema` (`ID_cinema`);

--
-- Индексы таблицы `movies`
--
ALTER TABLE `movies`
  ADD PRIMARY KEY (`ID`),
  ADD KEY `ID_genre` (`ID_genre`),
  ADD KEY `id_directed` (`ID_directed`);

--
-- Индексы таблицы `place`
--
ALTER TABLE `place`
  ADD PRIMARY KEY (`ID`),
  ADD KEY `ID_hall` (`ID_hall`);

--
-- Индексы таблицы `seance`
--
ALTER TABLE `seance`
  ADD PRIMARY KEY (`ID`),
  ADD KEY `ID_hall` (`ID_hall`),
  ADD KEY `ID_movie` (`ID_movie`);

--
-- Индексы таблицы `status`
--
ALTER TABLE `status`
  ADD PRIMARY KEY (`ID`);

--
-- Индексы таблицы `ticket`
--
ALTER TABLE `ticket`
  ADD PRIMARY KEY (`ID`),
  ADD KEY `ID_seance` (`ID_seance`),
  ADD KEY `ID_status` (`ID_status`);

--
-- AUTO_INCREMENT для сохранённых таблиц
--

--
-- AUTO_INCREMENT для таблицы `actor`
--
ALTER TABLE `actor`
  MODIFY `ID` int(10) UNSIGNED NOT NULL AUTO_INCREMENT, AUTO_INCREMENT=19;
--
-- AUTO_INCREMENT для таблицы `actor_list`
--
ALTER TABLE `actor_list`
  MODIFY `ID` int(10) UNSIGNED NOT NULL AUTO_INCREMENT, AUTO_INCREMENT=19;
--
-- AUTO_INCREMENT для таблицы `cinema`
--
ALTER TABLE `cinema`
  MODIFY `ID` int(10) UNSIGNED NOT NULL AUTO_INCREMENT, AUTO_INCREMENT=3;
--
-- AUTO_INCREMENT для таблицы `directed`
--
ALTER TABLE `directed`
  MODIFY `ID` int(10) UNSIGNED NOT NULL AUTO_INCREMENT, AUTO_INCREMENT=6;
--
-- AUTO_INCREMENT для таблицы `genre`
--
ALTER TABLE `genre`
  MODIFY `ID` int(10) UNSIGNED NOT NULL AUTO_INCREMENT, AUTO_INCREMENT=6;
--
-- AUTO_INCREMENT для таблицы `hall`
--
ALTER TABLE `hall`
  MODIFY `ID` int(10) UNSIGNED NOT NULL AUTO_INCREMENT, AUTO_INCREMENT=11;
--
-- AUTO_INCREMENT для таблицы `movies`
--
ALTER TABLE `movies`
  MODIFY `ID` int(10) UNSIGNED NOT NULL AUTO_INCREMENT, AUTO_INCREMENT=6;
--
-- AUTO_INCREMENT для таблицы `place`
--
ALTER TABLE `place`
  MODIFY `ID` int(10) UNSIGNED NOT NULL AUTO_INCREMENT, AUTO_INCREMENT=2438;
--
-- AUTO_INCREMENT для таблицы `seance`
--
ALTER TABLE `seance`
  MODIFY `ID` int(10) UNSIGNED NOT NULL AUTO_INCREMENT, AUTO_INCREMENT=42;
--
-- AUTO_INCREMENT для таблицы `status`
--
ALTER TABLE `status`
  MODIFY `ID` tinyint(3) UNSIGNED NOT NULL AUTO_INCREMENT, AUTO_INCREMENT=3;
--
-- AUTO_INCREMENT для таблицы `ticket`
--
ALTER TABLE `ticket`
  MODIFY `ID` int(10) UNSIGNED NOT NULL AUTO_INCREMENT;
--
-- Ограничения внешнего ключа сохраненных таблиц
--

--
-- Ограничения внешнего ключа таблицы `actor_list`
--
ALTER TABLE `actor_list`
  ADD CONSTRAINT `actor_list_ibfk_1` FOREIGN KEY (`ID_actor`) REFERENCES `actor` (`ID`) ON DELETE CASCADE ON UPDATE CASCADE,
  ADD CONSTRAINT `actor_list_ibfk_2` FOREIGN KEY (`ID_movis`) REFERENCES `movies` (`ID`) ON DELETE SET NULL ON UPDATE CASCADE;

--
-- Ограничения внешнего ключа таблицы `hall`
--
ALTER TABLE `hall`
  ADD CONSTRAINT `hall_ibfk_1` FOREIGN KEY (`ID_cinema`) REFERENCES `cinema` (`ID`) ON DELETE SET NULL ON UPDATE CASCADE;

--
-- Ограничения внешнего ключа таблицы `movies`
--
ALTER TABLE `movies`
  ADD CONSTRAINT `movies_ibfk_1` FOREIGN KEY (`ID_genre`) REFERENCES `genre` (`ID`) ON DELETE SET NULL ON UPDATE CASCADE,
  ADD CONSTRAINT `movies_ibfk_2` FOREIGN KEY (`ID_directed`) REFERENCES `directed` (`ID`) ON DELETE SET NULL ON UPDATE CASCADE;

--
-- Ограничения внешнего ключа таблицы `place`
--
ALTER TABLE `place`
  ADD CONSTRAINT `place_ibfk_1` FOREIGN KEY (`ID_hall`) REFERENCES `hall` (`ID`) ON DELETE SET NULL ON UPDATE CASCADE;

--
-- Ограничения внешнего ключа таблицы `seance`
--
ALTER TABLE `seance`
  ADD CONSTRAINT `seance_ibfk_1` FOREIGN KEY (`ID_movie`) REFERENCES `movies` (`ID`) ON DELETE CASCADE ON UPDATE CASCADE,
  ADD CONSTRAINT `seance_ibfk_2` FOREIGN KEY (`ID_hall`) REFERENCES `hall` (`ID`) ON DELETE SET NULL ON UPDATE CASCADE;

--
-- Ограничения внешнего ключа таблицы `ticket`
--
ALTER TABLE `ticket`
  ADD CONSTRAINT `ticket_ibfk_1` FOREIGN KEY (`ID_status`) REFERENCES `status` (`ID`) ON DELETE SET NULL ON UPDATE CASCADE,
  ADD CONSTRAINT `ticket_ibfk_3` FOREIGN KEY (`ID_seance`) REFERENCES `seance` (`ID`) ON DELETE SET NULL ON UPDATE SET NULL;

/*!40101 SET CHARACTER_SET_CLIENT=@OLD_CHARACTER_SET_CLIENT */;
/*!40101 SET CHARACTER_SET_RESULTS=@OLD_CHARACTER_SET_RESULTS */;
/*!40101 SET COLLATION_CONNECTION=@OLD_COLLATION_CONNECTION */;
